Job ID,Job URL,Job Title,Company Name,Status,Timestamp,WP ID
f438d9133bdd2850,https://ar.linkedin.com/jobs/view/servicio-de-atenci%C3%B3n-al-cliente-at-emirates-4433785869,Servicio de atención al cliente,,scraped,2026-07-06T23:54:03.751272,
557af1217457dd96,https://ar.linkedin.com/jobs/view/retail-sales-associate-at-puma-group-4369245636,Retail Sales Associate,,scraped,2026-07-06T23:54:10.561595,
df89226c5dcd243e,https://ar.linkedin.com/jobs/view/telefonista-local-gastron%C3%B3mico-zona-palermo-belgrano-at-sushiclub-4435103779,Telefonista local Gastronómico  zona Palermo/ Belgrano,,scraped,2026-07-06T23:54:17.378973,
e4a8757295cb88d4,https://ar.linkedin.com/jobs/view/operario-a-de-planta-at-mansfield-minera-sa-4433771006,Operario/a de Planta,Mansfield Minera SA,posted,2026-07-06T23:54:38.024611,20
c1954aa8d9e8d5a1,https://ar.linkedin.com/jobs/view/analista-contable-junior-at-ledesma-4433139054,Analista Contable Junior,,scraped,2026-07-06T23:54:40.696807,
be56373c9c1bc2b6,https://ar.linkedin.com/jobs/view/auxiliar-c-de-operaciones-neuqu%C3%A9n-at-aeropuertos-argentina-4416292299,AUXILIAR C DE OPERACIONES - NEUQUÉN,,scraped,2026-07-06T23:54:47.315748,
f6c02fc13aca9275,https://ar.linkedin.com/jobs/view/auxiliar-de-limpieza-y-soporte-de-laboratorio-microbiol%C3%B3gico-at-laboratorio-elea-4434506098,Auxiliar de Limpieza y Soporte de Laboratorio Microbiológico,,scraped,2026-07-06T23:54:53.724433,
586b5e44a9ea4a75,https://ar.linkedin.com/jobs/view/administrativo-de-log%C3%ADstica-at-grupo-disal-s-a-4436746321,Administrativo de logística,GRUPO DISAL S.A,posted,2026-07-06T23:55:11.102790,22
8143a93a208aced9,https://ar.linkedin.com/jobs/view/vendedoras-zona-caba-reconocida-marca-de-indumentaria-at-consultora-fashion-rh-4435486481,VENDEDORAS ZONA CABA - RECONOCIDA MARCA DE INDUMENTARIA.,,scraped,2026-07-06T23:55:13.730749,
c810a306e299d1c1,https://ar.linkedin.com/jobs/view/analista-datos-a-r-at-ypf-4432374529,Analista Datos A&R,,scraped,2026-07-06T23:55:20.656473,
341ccf9ec14b35d9,https://ar.linkedin.com/jobs/view/asesor-de-sal%C3%B3n-puppis-caba-at-puppis-4431993272,Asesor de salón - Puppis CABA,,scraped,2026-07-06T23:55:27.443079,
7a9874eeacee327b,https://ar.linkedin.com/jobs/view/jumeirah-opportunities-argentina-at-jumeirah-4432338458,Jumeirah Opportunities - Argentina,,scraped,2026-07-06T23:55:34.130801,
ac4542b0027e84fc,https://ar.linkedin.com/jobs/view/operario-de-producci%C3%B3n-planta-elaboraci%C3%B3n-at-paladini-s-a-4431960527,Operario de Producción - Planta Elaboración,Paladini,posted,2026-07-06T23:56:27.797274,24
231f938d615a616c,https://ar.linkedin.com/jobs/view/analista-de-impuestos-at-ledesma-4433709753,Analista de Impuestos,,scraped,2026-07-06T23:56:30.405567,
ebc2d7f387e7927e,https://ar.linkedin.com/jobs/view/supervisor-de-producci%C3%B3n-at-porta-hnos-s-a-4435348971,Supervisor de Producción,,scraped,2026-07-06T23:56:36.721011,
494b3ac3b5d975ee,https://ar.linkedin.com/jobs/view/operario-de-mantenimiento-mina-at-mansfield-minera-sa-4433750827,Operario de Mantenimiento Mina,Mansfield Minera SA,posted,2026-07-06T23:56:53.397153,26
c56ae12d236dc3a8,https://ar.linkedin.com/jobs/view/vendedor-convencional-de-autos-caba-at-autom%C3%B3viles-san-jorge-4436913379,Vendedor convencional de autos (CABA),Automóviles San Jorge,posted,2026-07-06T23:57:05.001782,28
17b252cd897bd58a,https://ar.linkedin.com/jobs/view/auditor-at-ypf-4433964887,Auditor,,scraped,2026-07-06T23:57:07.613643,
b7e37290e1a4512c,https://ar.linkedin.com/jobs/view/vendedor-zona-amba-at-fv-grifer%C3%ADa-de-alta-tecnolog%C3%ADa-4433984405,Vendedor (zona AMBA),FV - Grifería de alta tecnología,posted,2026-07-06T23:57:25.666216,30
180a46a0f44f7135,https://ar.linkedin.com/jobs/view/ingeniero-industrial-para-coordinaci%C3%B3n-de-producci%C3%B3n-at-julio-bellone-y-asociados-4435103777,Ingeniero Industrial para coordinación de producción,Julio Bellone y Asociados,posted,2026-07-06T23:57:36.438444,32
7bd6379579092cd4,https://ar.linkedin.com/jobs/view/asesoras-k-beauty-at-perfumer%C3%ADas-pigmento-4433173412,Asesoras K - beauty,,scraped,2026-07-06T23:57:39.048077,
4d2fd13f88750f33,https://ar.linkedin.com/jobs/view/operarios-de-log%C3%ADstica-ecommerce-at-cebra-%C2%AE-4436954248,Operarios de Logística eCommerce,Cebra ®,posted,2026-07-06T23:57:52.734959,34
4b449b7d51f5d848,https://ar.linkedin.com/jobs/view/jefe-sr-gerente-jr-de-planta-at-newsan-4433124821,Jefe Sr. / Gerente Jr. de Planta,,scraped,2026-07-06T23:57:55.071868,
73addcd26554ac62,https://ar.linkedin.com/jobs/view/operario-de-construcci%C3%B3n-civil-hormig%C3%B3n-at-autotrol-s-a-4436115854,Operario de construcción civil (Hormigón).,,scraped,2026-07-06T23:58:01.411581,
335eed208d074dc9,https://ar.linkedin.com/jobs/view/comprador-sr-un-cargas-at-aeropuertos-argentina-4435480094,Comprador SR - UN CARGAS,,scraped,2026-07-06T23:58:10.219989,
1516e8f7cf691799,https://ar.linkedin.com/jobs/view/auxiliar-de-farmacia-at-farmar-4431974685,Auxiliar de Farmacia,FARMAR,posted,2026-07-06T23:58:23.982128,36
9492f0939a741fab,https://ar.linkedin.com/jobs/view/media-assistant-at-publicis-groupe-argentina-4426908370,media assistant,,scraped,2026-07-06T23:58:26.597837,
8a7a04eea9044922,https://ar.linkedin.com/jobs/view/cadete-aceitera-general-deheza-at-inspired-way-4431541942,Cadete - Aceitera General Deheza,,scraped,2026-07-06T23:58:34.343673,
0a280cd133e6df51,https://ar.linkedin.com/jobs/view/operador-a-integral-de-planta-%E2%80%94-campo-y-panel-at-trova-people-talent-4433125739,Operador/a Integral de Planta — Campo y Panel,,scraped,2026-07-06T23:58:41.547442,
c722afb0d7122afb,https://ar.linkedin.com/jobs/view/emisor-at-galicia-seguros-4434649548,Emisor,,scraped,2026-07-06T23:58:48.124925,
c701a5f76bc9824c,https://ar.linkedin.com/jobs/view/new-job-3-4-2026-li-test-8-at-greenhouse-middleware-test-company-4434683560,New job 3/4/2026 LI test 8,Greenhouse Middleware Test Company,posted,2026-07-06T23:59:00.122878,38
c7b571cb63fdf2f9,https://ar.linkedin.com/jobs/view/trade-marketer-at-rofina-saicf-4433102171,Trade Marketer,,scraped,2026-07-06T23:59:02.599054,
8db2af923e6ee41f,https://ar.linkedin.com/jobs/view/adobe-workfront-developer-work-from-home-talent-connection-at-nortal-4436260256,Adobe Workfront Developer - Work from home - Talent Connection,,scraped,2026-07-06T23:59:11.554818,
3ca6359d11d3a836,https://ar.linkedin.com/jobs/view/mantenimiento-hoster%C3%ADa-de-la-cascada-at-grupo-faro-verde-4433972612,Mantenimiento - Hostería de la Cascada,,scraped,2026-07-06T23:59:18.776326,
c44f41e79a9c1ded,https://ar.linkedin.com/jobs/view/operarios-de-produccion-at-inkopers-4436131908,Operarios de Produccion,Inkopers,posted,2026-07-06T23:59:33.265464,40
97c03f0036afe0e8,https://ar.linkedin.com/jobs/view/l%C3%ADder-de-grupo-redes-de-mercadeo-at-creando-regal%C3%ADas-4433965743,Líder de grupo | Redes de Mercadeo,Creando Regalías,posted,2026-07-06T23:59:42.730575,42
be8a14cdbc9a6ee7,https://ar.linkedin.com/jobs/view/deal-desk-specialist-at-ridge-it-cyber-4432706683,Deal Desk Specialist,Ridge IT Cyber,posted,2026-07-06T23:59:50.202104,44
78b7105a3cce96fb,https://ar.linkedin.com/jobs/view/farmac%C3%A9utico-a-m%C3%A2sfarma-santiago-del-estero-at-gdn-ar-4376096072,Farmacéutico/a MâsFarma - Santiago del Estero,GDN AR,posted,2026-07-07T00:00:08.553874,46
1d4b2b0ccf17da1e,https://ar.linkedin.com/jobs/view/school-registrar-secretaria-docente-at-british-international-school-of-washington-4435771943,School Registrar (Secretaria Docente),British International School of Washington,posted,2026-07-07T00:00:19.457749,48
b53a9dc40f476cf6,https://ar.linkedin.com/jobs/view/capacitadores-de-habilidades-blandas-at-zielteck-s-a-4436140693,Capacitadores de Habilidades Blandas,,scraped,2026-07-07T00:00:22.101341,
1deaea1de085174f,https://ar.linkedin.com/jobs/view/cultura-organizaci%C3%B3n-junior-at-amaze-4437151701,Cultura & Organización - Junior,Amaze,posted,2026-07-07T00:00:37.624819,50
e3de997aab642f67,https://ar.linkedin.com/jobs/view/analista-de-cultivo-roque-p%C3%A9rez-ba-at-ledesma-4433986925,Analista de Cultivo - Roque Pérez - BA,,scraped,2026-07-07T00:00:39.950736,
bbe711c68f5ac852,https://ar.linkedin.com/jobs/view/vendedores-as-de-sal%C3%B3n-maip%C3%BA-mendoza-at-naldo-4433134360,"Vendedores/as de Salón - Maipú, Mendoza",,scraped,2026-07-07T00:00:46.448161,
18767153d6ab185d,https://ar.linkedin.com/jobs/view/pe%C3%B3n-de-orde%C3%B1e-producci%C3%B3n-de-leche-at-taperitas-4435003227,Peón de ordeñe - Producción de leche,,scraped,2026-07-07T00:00:53.114129,
0fee432e5fdfaefd,https://ar.linkedin.com/jobs/view/cajera-o-at-pan-plano-4434986491,Cajera/o,,scraped,2026-07-07T00:00:59.474429,
8e4ef39f1154c7dc,https://ar.linkedin.com/jobs/view/t%C3%A9cnico-electricista-para-alumbrado-p%C3%BAblico-caba-at-autotrol-s-a-4436135037,Técnico electricista para alumbrado público (CABA).,,scraped,2026-07-07T00:01:06.069958,
dac40c4c3754098d,https://ar.linkedin.com/jobs/view/commercial-development-lead-at-ypf-4431957111,COMMERCIAL DEVELOPMENT LEAD,,scraped,2026-07-07T00:01:14.740962,
fe8b507a46233e31,https://ar.linkedin.com/jobs/view/mucamo-a-at-hospital-italiano-de-c%C3%B3rdoba-4436445708,Mucamo/a,,scraped,2026-07-07T00:02:25.109548,
40aeea90370fb2af,https://ar.linkedin.com/jobs/view/supervisor-de-despostada-importante-frigor%C3%ADfico-zona-pacheco-at-rocket-stars-4435767948,Supervisor de Despostada- Importante frigorífico- Zona Pacheco,Rocket Stars,posted,2026-07-07T00:02:40.507614,52
92d7667881164675,https://ar.linkedin.com/jobs/view/gerente-operaciones-almacenes-del-obispo-at-a-igreja-de-jesus-cristo-dos-santos-dos-%C3%BAltimos-dias-4436475032,Gerente Operaciones Almacenes del Obispo,,scraped,2026-07-07T00:02:43.096849,
9a1a1a07838f2c16,https://ar.linkedin.com/jobs/view/analista-de-marketing-programa-de-j%C3%B3venes-profesionales-molinos-at-universia-argentina-4437440157,Analista de Marketing - Programa de Jóvenes Profesionales Molinos,,scraped,2026-07-07T00:02:49.683316,
8370563b3587a51c,https://ar.linkedin.com/jobs/view/asesor-comercial-la-pampa-santa-rosa-at-nobis-4435118194,"Asesor Comercial, La Pampa, Santa Rosa.",,scraped,2026-07-07T00:04:00.088428,
d99cce566642e346,https://ar.linkedin.com/jobs/view/recepcionista-asistente-de-administraci%C3%B3n-at-merz-aesthetics-4431948299,Recepcionista - Asistente de Administración,Merz Aesthetics,posted,2026-07-07T00:04:16.159370,54
5220738b15cfaab7,https://ar.linkedin.com/jobs/view/t%C3%A9cnico-de-producci%C3%B3n-at-qu%C3%ADmica-montpellier-s-a-4433964803,Técnico de Producción,Química Montpellier S.A.,posted,2026-07-07T00:04:30.435932,56
065c66c067f44c7f,https://ar.linkedin.com/jobs/view/project-management-jr-analyst-at-danone-4435171796,Project Management Jr. Analyst,,scraped,2026-07-07T00:04:33.110594,
b05878a768506d9e,https://ar.linkedin.com/jobs/view/customer-service-manager-remote-at-huzzle-com-4436336890,Customer Service Manager - Remote,,scraped,2026-07-07T00:04:39.508519,
773cd68e0f56b0fe,https://ar.linkedin.com/jobs/view/tecnico-de-mantenimiento-especialidad-electricidad-at-waves-4433131623,Tecnico de Mantenimiento (Especialidad Electricidad),,scraped,2026-07-07T00:04:46.589203,
283022b1c7dab011,https://ar.linkedin.com/jobs/view/analista-de-research-capacitaci%C3%B3n-at-a3-mercados-4435499586,Analista de Research & Capacitación,,scraped,2026-07-07T00:05:56.724397,
990ca63bc9c7633c,https://ar.linkedin.com/jobs/view/analista-administrativo-a-contable-marca-de-moda-de-lujo-at-consultora-fashion-rh-4434639866,ANALISTA ADMINISTRATIVO/A CONTABLE - MARCA DE MODA DE LUJO.,,scraped,2026-07-07T00:07:06.924398,
0c29a458f156c74d,https://ar.linkedin.com/jobs/view/analista-administrativo-log%C3%ADstico-at-db-schenker-4426140599,Analista Administrativo Logístico,DB Schenker,posted,2026-07-07T00:07:20.990093,58
276b30a9c9dbffd3,https://ar.linkedin.com/jobs/view/operario-at-saputo-inc-4387719485,Operario,Saputo Inc.,posted,2026-07-07T00:08:51.065546,60
cc8fcb9ae51f9e71,https://ar.linkedin.com/jobs/view/sales-development-representative-deel-it-latam-at-deel-4432795074,"Sales Development Representative, Deel IT | LATAM",Deel,posted,2026-07-07T00:08:59.388433,62
f0dac150268eb470,https://ar.linkedin.com/jobs/view/bdr-staffing-industry-specialist-at-puente-talent-partners-4431959026,BDR - Staffing Industry Specialist,Puente Talent Partners,posted,2026-07-07T00:09:07.510192,64
03b780eae040b39b,https://ar.linkedin.com/jobs/view/traductor-at-cngr-advanced-material-4436791204,Traductor,CNGR Advanced Material,posted,2026-07-07T00:09:20.161817,66
bd86817be65651bb,https://ar.linkedin.com/jobs/view/investigator-contracts-lead-i-fsp-at-parexel-4407943562,Investigator Contracts Lead I - FSP,Parexel,posted,2026-07-07T00:09:27.632259,68
d775dc9097bcdf58,https://ar.linkedin.com/jobs/view/maintenance-technician-contract-at-sandvik-4432715854,Maintenance Technician - Contract,,scraped,2026-07-07T00:09:29.991328,
bb289eab2aca5714,https://ar.linkedin.com/jobs/view/analista-de-costos-at-grupo-pe%C3%B1aflor-4434673887,Analista de Costos,,scraped,2026-07-07T00:09:37.625973,
0f9a0796534f752e,https://ar.linkedin.com/jobs/view/network-specialist-at-sharp-brains-4432399659,Network Specialist,,scraped,2026-07-07T00:09:45.162981,
56167ea91219e1ad,https://ar.linkedin.com/jobs/view/product-owner-contable-at-adhoc-4436085945,Product Owner Contable,,scraped,2026-07-07T00:09:56.192994,
4a3a655906afc217,https://ar.linkedin.com/jobs/view/merchandising-coordinator-at-hkr-team-4417363966,Merchandising Coordinator,HKR.TEAM,posted,2026-07-07T00:10:09.031748,70
9a7595eac9860f17,https://ar.linkedin.com/jobs/view/operario-de-maestranza-masculino-zona-norte-at-lx-argentina-s-a-4436140686,Operario de Maestranza Masculino  zona Norte,,scraped,2026-07-07T00:10:11.576773,
0ca263be0c3cef2c,https://ar.linkedin.com/jobs/view/farmac%C3%A9utico-a-mendoza-at-gdn-ar-4407050930,Farmacéutico/a Mendoza,GDN AR,posted,2026-07-07T00:10:31.749459,72
63500c4d32030179,https://ar.linkedin.com/jobs/view/product-owner-data-intelligence-at-philip-morris-international-4422685789,Product Owner - Data Intelligence,,scraped,2026-07-07T00:10:34.396105,
8c2da33de6caf48f,https://ar.linkedin.com/jobs/view/database-programmer-at-edetek-inc-4437442422,Database Programmer,EDETEK Inc.,posted,2026-07-07T00:10:46.443270,74
0700b94c33e0bebb,https://ar.linkedin.com/jobs/view/payroll-operations-analyst-latam-at-glencore-4435457065,Payroll Operations Analyst - LATAM,,scraped,2026-07-07T00:10:49.135220,
0c6e47182e98b808,https://ar.linkedin.com/jobs/view/staff-applied-scientist-adtech-at-launch-potato-4435821208,"Staff Applied Scientist, AdTech",Launch Potato,posted,2026-07-07T00:11:03.102917,76
45ce801e7b60f52d,https://ar.linkedin.com/jobs/view/survey-support-technician-engineering-technician-iv-at-university-of-alaska-fairbanks-petroleum-engineering-4436162549,Survey Support Technician - Engineering Technician IV,University of Alaska Fairbanks Petroleum Engineering,posted,2026-07-07T00:12:18.606003,78
eae9709cfaeef82c,https://ar.linkedin.com/jobs/view/physician-assistant-at-novamed-4437419739,Physician Assistant,Novamed,posted,2026-07-07T00:12:28.634117,80
1e05ccf3944447c6,https://ar.linkedin.com/jobs/view/contracts-specialist-at-meitner-energy-4435817804,Contracts Specialist,,scraped,2026-07-07T00:12:31.301759,
d4057db387a54fd8,https://ar.linkedin.com/jobs/view/analista-planificacion-rutina-at-ypf-4433971824,ANALISTA PLANIFICACION RUTINA,,scraped,2026-07-07T00:12:37.639850,
6fb45d7c72f06352,https://ar.linkedin.com/jobs/view/encargado-a-de-frutas-y-verduras-at-cencosud-s-a-4433812790,Encargado/a de Frutas y Verduras,Cencosud S.A.,posted,2026-07-07T00:13:55.801854,82
86346c60b95fca47,https://ar.linkedin.com/jobs/view/analista-de-compras-at-lindal-group-4433121056,Analista de Compras,,scraped,2026-07-07T00:13:58.466764,
49ef322dab167d88,https://ar.linkedin.com/jobs/view/coordinador-qaqc-at-clusterciar-4433113199,Coordinador QAQC,,scraped,2026-07-07T00:15:10.024316,
680794f493321ad2,https://ar.linkedin.com/jobs/view/encargado-a-administraci%C3%B3n-at-rocket-stars-4431566185,Encargado/a Administración,Rocket Stars,posted,2026-07-07T00:15:27.198351,84
5a71c5691a44ac2a,https://ar.linkedin.com/jobs/view/analista-jr-de-operaciones-caba-at-the-adecco-group-4432784699,Analista Jr de Operaciones (CABA),,scraped,2026-07-07T00:15:29.794783,
62d3cac8d4dbed77,https://ar.linkedin.com/jobs/view/contracts-advisor-category-specialist-at-chevron-4350452749,Contracts Advisor / Category Specialist,Chevron,posted,2026-07-07T00:15:43.170295,86
ef4803e5eee2f63b,https://ar.linkedin.com/jobs/view/asistente-de-ventas-marca-de-indumentaria-at-consultora-fashion-rh-4435273575,ASISTENTE DE VENTAS - MARCA DE INDUMENTARIA.,,scraped,2026-07-07T00:15:45.771252,
809144d57d0a97d2,https://ar.linkedin.com/jobs/view/marketing-analyst-at-nestl%C3%A9-4432405421,Marketing Analyst,Nestlé,posted,2026-07-07T00:16:00.162533,88
c5bf2ba53925248a,https://ar.linkedin.com/jobs/view/assistant-comptable-h-f-at-l-usine-nouvelle-4433785364,Assistant Comptable (H/F),L'Usine Nouvelle,posted,2026-07-07T00:16:12.929747,90
ea93faa3f957d930,https://ar.linkedin.com/jobs/view/analista-de-producto-at-strix-4432738042,Analista de Producto,,scraped,2026-07-07T00:16:15.537167,
d8a306d4dc11d4a9,https://ar.linkedin.com/jobs/view/marketing-coordinator-remote-brazil-argentina-spain-at-tessera-4433956214,Marketing Coordinator - Remote - Brazil/Argentina/Spain,Tessera,posted,2026-07-07T00:16:28.524380,92
f983c990acf968e0,https://ar.linkedin.com/jobs/view/vendedores-cajeros-operadores-auxiliares-de-expedici%C3%B3n-at-megatone-4433194860,Vendedores - Cajeros Operadores - Auxiliares de Expedición,,scraped,2026-07-07T00:16:31.049793,
0a83782f8ef11f67,https://ar.linkedin.com/jobs/view/supervisor-operativo-turno-madrugada-at-bro%E2%80%94-reclutamiento-humano-4434698766,Supervisor Operativo - Turno Madrugada,,scraped,2026-07-07T00:16:39.078288,
3e274df0283a5f9d,https://ar.linkedin.com/jobs/view/inspector-a-qa-qc-at-clusterciar-4433101941,Inspector/a QA QC,,scraped,2026-07-07T00:16:45.436082,
0dd606f428009315,https://ar.linkedin.com/jobs/view/supervisor-de-obras-junior-at-clusterciar-4433992778,Supervisor de Obras Junior,,scraped,2026-07-07T00:16:53.658819,
be187b66198b526f,https://ar.linkedin.com/jobs/view/film-scene-description-specialist-at-alignerr-4434917646,Film Scene Description Specialist,Alignerr,posted,2026-07-07T00:17:15.458122,94
51b8c22cbf509bc9,https://ar.linkedin.com/jobs/view/comercial-especializado-en-cierre-latam-100%25-remoto-at-learning-heroes-4435452972,Comercial especializado en cierre LATAM 100% Remoto,Learning Heroes,posted,2026-07-07T00:17:29.625869,96
b9020122a8ff5bda,https://ar.linkedin.com/jobs/view/profesionales-de-la-seguridad-para-zona-norte-at-neyer-srl-4436132848,Profesionales de la Seguridad para Zona Norte,NEYER SRL,posted,2026-07-07T00:17:39.542409,98
a101f0895b97a214,https://ar.linkedin.com/jobs/view/expansion-associate-at-medlife-4434507113,Expansion Associate,,scraped,2026-07-07T00:17:42.177722,
379f867729f0edfa,https://ar.linkedin.com/jobs/view/analista-de-rr-hh-4433998665,Analista de RR. HH.,Santa Cruz O&G SRL,posted,2026-07-07T00:17:54.589990,100
07c46e5d11d3ad19,https://ar.linkedin.com/jobs/view/jefe-de-administraci%C3%B3n-y-gesti%C3%B3n-at-finning-4427027567,Jefe de Administración y Gestión,,scraped,2026-07-07T00:17:57.101544,
f45e1e98935ba72f,https://ar.linkedin.com/jobs/view/martilleros-at-red-suma-4433110487,Martilleros,,scraped,2026-07-07T00:18:04.093290,
e38cf9270fef9362,https://ar.linkedin.com/jobs/view/%E8%88%B5%E9%9D%A2%E7%AD%89%E3%82%A2%E3%82%AF%E3%83%81%E3%83%A5%E3%82%A8%E3%83%BC%E3%82%BF-%E3%83%AA%E3%83%B3%E3%82%AF%E6%A9%9F%E6%A7%8B%E6%A7%8B%E9%80%A0%E8%A8%AD%E8%A8%88%E3%82%A8%E3%83%B3%E3%82%B8%E3%83%8B%E3%82%A2%0A%E5%8B%9F%E9%9B%86%E8%A6%81%E9%A0%85-at-%E3%82%A4%E3%83%BC%E3%83%A0%E3%82%BA%E3%83%AD%E3%83%9C%E3%83%86%E3%82%A3%E3%82%AF%E3%82%B9%EF%BC%88%E6%A0%AA%EF%BC%89-4435543138,"舵面等アクチュエータ/リンク機構構造設計エンジニア
募集要項",イームズロボティクス（株）,posted,2026-07-07T00:18:18.838247,102
666930c036f106a3,https://ar.linkedin.com/jobs/view/auxiliar-de-campo-req209985-eventual-lujan-de-cuyo-at-manpowergroup-argentina-4436794317,AUXILIAR DE CAMPO (REQ209985) - EVENTUAL - Lujan de Cuyo,,scraped,2026-07-07T00:18:21.448965,
85f142391a42db24,https://ar.linkedin.com/jobs/view/%E6%A9%9F%E4%BD%93%E5%88%B6%E5%BE%A1%E3%82%BD%E3%83%95%E3%83%88%E3%82%A6%E3%82%A7%E3%82%A2%E9%96%8B%E7%99%BA%E8%80%85%0A%E5%8B%9F%E9%9B%86%E8%A6%81%E9%A0%85-at-%E3%82%A4%E3%83%BC%E3%83%A0%E3%82%BA%E3%83%AD%E3%83%9C%E3%83%86%E3%82%A3%E3%82%AF%E3%82%B9%EF%BC%88%E6%A0%AA%EF%BC%89-4435536379,"機体制御ソフトウェア開発者
募集要項",イームズロボティクス（株）,failed|wp_post_failed,2026-07-07T00:19:33.508252,
7f29c0067e73c1eb,https://ar.linkedin.com/jobs/view/site-navigator-i-at-fortrea-4426570262,Site Navigator I,Fortrea,posted,2026-07-07T00:19:43.474933,104
b88608b12760a3ca,https://ar.linkedin.com/jobs/view/encargado-administrativo-corrientes-at-danone-4436907595,Encargado administrativo Corrientes,,scraped,2026-07-07T00:19:45.912795,
067eaf0053a9de03,https://ar.linkedin.com/jobs/view/agente-mar%C3%ADtimo-at-maritime-shipping-agency-srl-4435367106,Agente Marítimo,Maritime Shipping Agency SRL,posted,2026-07-07T00:20:01.395754,106
4f20dd42b7587aaf,https://ar.linkedin.com/jobs/view/housekeeping-supervisor-at-royal-caribbean-group-4369332770,Housekeeping Supervisor,Royal Caribbean Group,posted,2026-07-07T00:20:11.142806,108
893a878a380b03b2,https://ar.linkedin.com/jobs/view/analista-de-inventario-at-coto-4433703162,Analista de inventario,,scraped,2026-07-07T00:20:13.759672,
b603c4556a199167,https://ar.linkedin.com/jobs/view/profesor-de-ingles-at-inmersio-4435333700,profesor de ingles,,scraped,2026-07-07T00:20:20.964871,
af9741c0f419b2f0,https://ar.linkedin.com/jobs/view/encargada-o-de-local-at-pan-plano-4434968916,Encargada/o de Local,,scraped,2026-07-07T00:20:27.724819,
601b4a78118b88a9,https://ar.linkedin.com/jobs/view/product-manager-at-corva-4435253370,Product Manager,Corva,posted,2026-07-07T00:21:44.951655,110
043f2f25a5ad949e,https://ar.linkedin.com/jobs/view/asistente-de-auditoria-at-pwc-argentina-4334728147,ASISTENTE DE AUDITORIA,PwC Argentina,posted,2026-07-07T00:23:00.096654,112
d76d2f28fecf02e7,https://ar.linkedin.com/jobs/view/analista-de-ambiente-at-ypf-4432779647,Analista de Ambiente,,scraped,2026-07-07T00:23:02.679223,
98bbdcd10bc4a5d7,https://ar.linkedin.com/jobs/view/gestionnaire-de-paie-h-f-at-l-usine-nouvelle-4433780752,Gestionnaire de paie (H/F),L'Usine Nouvelle,posted,2026-07-07T00:24:24.014483,114
05a71f713fa7ad96,https://ar.linkedin.com/jobs/view/sales-development-representative-sdr-mercato-italiano-at-salesdose-4437408275,Sales Development Representative (SDR) - Mercato Italiano,SalesDose,posted,2026-07-07T00:24:31.675370,116
a4e3c119bc9113d1,https://ar.linkedin.com/jobs/view/visual-designer-at-arionkoder-4435114278,Visual Designer,Arionkoder,posted,2026-07-07T00:24:40.353883,118
534ed6039afccf6f,https://ar.linkedin.com/jobs/view/supervisor-comercial-at-bitali-4433730056,Supervisor Comercial,,scraped,2026-07-07T00:24:42.892853,
89e2a008a836f725,https://ar.linkedin.com/jobs/view/enfermeras-os-b%C2%B0-el-sosiego-mar-del-plata-at-grupo-medihome-4431951682,Enfermeras / os - B° El Sosiego (Mar del Plata),,scraped,2026-07-07T00:24:49.524919,
b4924f1b9e7abcc2,https://ar.linkedin.com/jobs/view/modelador-a-bim-freelance-at-smartknock-4433706898,Modelador/a BIM Freelance,SmartKnock,posted,2026-07-07T00:26:09.963860,120
c18e436f08ff96bd,https://ar.linkedin.com/jobs/view/remote-bilingual-medical-receptionist-spanish-english-at-vital-virtuals-global-hr-solutions-4436034635,Remote Bilingual Medical Receptionist (Spanish/English),Vital Virtuals Global HR Solutions,posted,2026-07-07T00:26:19.415200,122
d0228bb928130dd6,https://ar.linkedin.com/jobs/view/topographic-surveyor-at-utopia-design-4433115841,Topographic Surveyor,,scraped,2026-07-07T00:26:22.047189,
23b74f554bdc6912,https://ar.linkedin.com/jobs/view/junior-architect-operations-coordinator-at-officetwo-4431932174,Junior Architect / Operations Coordinator,OfficeTwo,posted,2026-07-07T00:26:34.926504,124
d0873df8733bedb1,https://ar.linkedin.com/jobs/view/analista-de-selecci%C3%B3n-de-personal-at-adecco-4433945979,Analista de selección de personal,,scraped,2026-07-07T00:26:37.570411,
d8fbbd2bada0d4a6,https://ar.linkedin.com/jobs/view/administrador-contable-at-ricauch-4437435321,Administrador Contable,,scraped,2026-07-07T00:27:47.370807,
1d9e444c62d044b0,https://ar.linkedin.com/jobs/view/product-designer-at-nonconformist-4435298421,Product Designer,Nonconformist,posted,2026-07-07T00:29:08.168185,126
b0795a4b272c4ead,https://ar.linkedin.com/jobs/view/ejecutivo-y-administrativo-de-ventas-telef%C3%B3nicas-at-talent-solutions-4433199702,Ejecutivo y administrativo de Ventas Telefónicas,,scraped,2026-07-07T00:29:10.760256,
d4c89a002bbcfffe,https://ar.linkedin.com/jobs/view/project-coordinator-ii-argentina-at-indero-formerly-innovaderm-4388212497,Project Coordinator II (Argentina),,scraped,2026-07-07T00:30:22.158241,
052a1b021d492e6a,https://ar.linkedin.com/jobs/view/sales-manager-americas-at-portcast-4436777410,Sales Manager (Americas),,scraped,2026-07-07T00:30:28.829042,
e72eb358a5096313,https://ar.linkedin.com/jobs/view/responsable-administrativo-comercial-at-air-liquide-4436776550,Responsable Administrativo Comercial,,scraped,2026-07-07T00:30:35.223440,
4e40fcab028e33f1,https://ar.linkedin.com/jobs/view/junior-project-manager-at-wpp-production-4436394959,Junior Project Manager,WPP Production,posted,2026-07-07T00:30:49.701090,128
35167ad86065ed77,https://ar.linkedin.com/jobs/view/pcm-%E2%80%93-programador-a-de-materiales-directos-at-stellantis-south-america-4436418191,PCM – Programador/a de Materiales Directos,Stellantis South America,posted,2026-07-07T00:31:01.900276,130
48b5c1035fb09f22,https://ar.linkedin.com/jobs/view/analista-senior-de-planeaci%C3%B3n-y-control-de-gesti%C3%B3n-mercado-env%C3%ADos-at-mercado-libre-4432715347,Analista Senior de Planeación y Control de Gestión - Mercado Envíos,,scraped,2026-07-07T00:31:04.570382,
6a623eb49e58b178,https://ar.linkedin.com/jobs/view/ejecutivo-a-comercial-para-medicina-prepaga-en-neuqu%C3%A9n-at-manpowergroup-argentina-4436907039,Ejecutivo/a Comercial para Medicina Prepaga en Neuquén,,scraped,2026-07-07T00:32:15.164318,
114885d9e5b71a17,https://ar.linkedin.com/jobs/view/analista-rrhh-semi-senior-importante-empresa-at-inspired-way-4435294485,Analista RRHH Semi Senior - Importante Empresa,,scraped,2026-07-07T00:32:21.724845,
e45311299f5b41a0,https://ar.linkedin.com/jobs/view/fluent-english-product-support-consultant-latam-at-supportyourapp-4437165360,(fluent English) Product Support Consultant (LATAM),SupportYourApp,posted,2026-07-07T00:33:39.757841,132
fd527363bd38aa4e,https://ar.linkedin.com/jobs/view/arg-rsc-pyme-at-santander-argentina-4434665567,ARG_RSC PYME,Santander Argentina,posted,2026-07-07T00:33:53.566972,134
9d8a6153ce47b173,https://ar.linkedin.com/jobs/view/auxiliar-administrativo-vaga-aberta-em-formosago-go-at-tch%C3%AA-produtos-agr%C3%ADcolas-4433776038,AUXILIAR ADMINISTRATIVO - Vaga aberta em FormosaGO - GO,,scraped,2026-07-07T00:33:55.986183,
c067fc558ed2ef59,https://ar.linkedin.com/jobs/view/%C2%A1sumate-a-nuestro-programa-de-pasant%C3%ADas-escuela-de-talentos-de-renault%21-%C2%A1ingreso-en-septiembre-2026%21-4434185758,¡Sumate a nuestro programa de pasantías Escuela de Talentos de RENAULT! ¡Ingreso en Septiembre 2026!,Renault Argentina,posted,2026-07-07T00:34:08.938571,136
b1c820d1d50020c7,https://ar.linkedin.com/jobs/view/director-de-operaciones-%E2%80%93-interior-argentina-at-talent-recruiters-4436095447,Director de Operaciones – (INTERIOR ARGENTINA),,scraped,2026-07-07T00:34:11.733919,
bae8ae2075f56215,https://ar.linkedin.com/jobs/view/analista-en-comunicaci%C3%B3n-institucional-interna-at-viasano-salud-4435597290,Analista en Comunicación Institucional Interna,,scraped,2026-07-07T00:35:24.782678,
bf57d979f9fa9983,https://ar.linkedin.com/jobs/view/analista-de-planeamiento-y-estrategia-at-zielteck-s-a-4436336434,Analista de Planeamiento y Estrategia,,scraped,2026-07-07T00:35:32.453240,
efdb8a4dd0212d40,https://ar.linkedin.com/jobs/view/asesor-de-customer-care-at-fiwind-4435367104,Asesor de Customer Care,,scraped,2026-07-07T00:35:40.753582,
dac55e505886211c,https://ar.linkedin.com/jobs/view/kam-zona-de-cuyo-at-ghidinirodil-4433971898,KAM - Zona de Cuyo,,scraped,2026-07-07T00:35:47.101877,
eb5f167c42656d36,https://ar.linkedin.com/jobs/view/empleadas-os-polivalentes-at-carrefour-argentina-4435800672,Empleadas/os polivalentes,,scraped,2026-07-07T00:35:54.598583,
88c56c0d39d13bca,https://ar.linkedin.com/jobs/view/t%C3%A9cnico-de-garant%C3%ADa-at-neum%C3%A1ticos-corral-4436142615,Técnico de garantía,,scraped,2026-07-07T00:37:04.587856,
d6cb0ca4ad1cd3d4,https://ar.linkedin.com/jobs/view/analista-de-rr-hh-at-adecco-4433195609,Analista de RR. HH.,,scraped,2026-07-07T00:38:15.160748,
ec2497008f5a0f22,https://ar.linkedin.com/jobs/view/analista-de-operaciones-at-manpower-argentina-4435896485,Analista de operaciones,,scraped,2026-07-07T00:38:21.719777,
dc36cfae25db5175,https://ar.linkedin.com/jobs/view/project-director-w-m-at-eramet-4435099090,Project Director W/M,,scraped,2026-07-07T00:39:31.791256,
f7fc35b15bc1ae00,https://ar.linkedin.com/jobs/view/ejecutivo-de-ventas-resistencia-at-dreamco-4434647655,Ejecutivo de ventas (Resistencia),DREAMCO,posted,2026-07-07T00:40:52.916222,138
8674eaaa1c0b30d3,https://ar.linkedin.com/jobs/view/asesor-a-comercial-multimarca-at-familia-parra-4436953311,Asesor/a Comercial Multimarca,,scraped,2026-07-07T00:40:55.377793,
69588a9f14fc3b92,https://ar.linkedin.com/jobs/view/kam-specialist-at-pedidosya-4436247365,KAM Specialist,,scraped,2026-07-07T00:41:05.761922,
bc577825f3f36b06,https://ar.linkedin.com/jobs/view/ejecutivo-a-comercial-zona-oeste-amba-at-supermayorista-vital-4433103913,Ejecutivo/a Comercial (Zona Oeste AMBA),,scraped,2026-07-07T00:41:12.457117,
b66d0f5e6be3fd4a,https://ar.linkedin.com/jobs/view/owner-de-datos-y-automatizaci%C3%B3n-at-byma-bolsas-y-mercados-argentinos-s-a-4437473247,Owner de Datos y Automatización,,scraped,2026-07-07T00:42:22.779398,
974399e5a04fcf99,https://ar.linkedin.com/jobs/view/auxiliar-de-almac%C3%A9n-pilar-tienda-makro-at-cencosud-s-a-4433806978,Auxiliar de Almacén - PILAR (Tienda Makro),Cencosud S.A.,posted,2026-07-07T00:42:38.231748,140
76c1e7fce2d7a6b1,https://ar.linkedin.com/jobs/view/analista-infraestructura-sap-at-oldelval-4437195735,Analista Infraestructura SAP,,scraped,2026-07-07T00:42:40.801260,
af3ef4b6533e0845,https://ar.linkedin.com/jobs/view/responsable-comercial-at-consultora-rhatios-4436210124,Responsable comercial,,scraped,2026-07-07T00:42:53.728945,
0f9efa9443d51a8d,https://ar.linkedin.com/jobs/view/kinesi%C3%B3logo-a-rosario-de-la-frontera-salta-at-grupo-medihome-4434648606,Kinesiólogo /a - Rosario de la Frontera (Salta),,scraped,2026-07-07T00:44:04.198199,
efae8e1acaf03274,https://ar.linkedin.com/jobs/view/m%C3%A9dico-a-especialista-en-diagnostico-por-imagenes-at-cl%C3%ADnica-san-agust%C3%ADn-4436973290,Médico/a especialista en Diagnostico por imagenes,,scraped,2026-07-07T00:44:13.515796,
e51fd5f01e8bb432,https://ar.linkedin.com/jobs/view/liquidador-a-de-sueldos-caba-presencial-at-jps-argentina-4433975483,Liquidador/a de sueldos CABA - PRESENCIAL,JPS Argentina,posted,2026-07-07T00:44:40.087536,142
9b7b72ff0d2286cc,https://ar.linkedin.com/jobs/view/profesor-a-de-padel-4432391332,Profesor/a de Padel,EMI PADEL ACADEMY,posted,2026-07-07T00:44:48.212303,144
e8b065c37dac234c,https://ar.linkedin.com/jobs/view/transfer-pricing-international-tax-specialist-at-pomelo-4436165300,Transfer Pricing & International Tax Specialist,,scraped,2026-07-07T00:44:50.933971,
5e122ef619867888,https://ar.linkedin.com/jobs/view/senior-ux-researcher-%E2%80%93-marketplace-at-cookunity-4435494299,Senior UX Researcher – Marketplace,CookUnity,posted,2026-07-07T00:45:03.967863,146
c6955a1eddf6931a,https://ar.linkedin.com/jobs/view/sales-development-representative-sdr-at-xubio-4433709076,Sales Development Representative (SDR),,scraped,2026-07-07T00:45:06.605259,
d3d8fbd3a1b7599a,https://ar.linkedin.com/jobs/view/franquero-playa-estacionamiento-at-grupo-emepa-4436236173,Franquero playa estacionamiento,Grupo Emepa,posted,2026-07-07T00:45:56.906629,148
8dfec44bbf0940a7,https://ar.linkedin.com/jobs/view/data-analyst-excel-remote-at-yo-it-consulting-4435402314,Data Analyst Excel - Remote,,scraped,2026-07-07T00:45:59.573477,
d8bc42dba29c12a7,https://ar.linkedin.com/jobs/view/ingeniero-a-el%C3%A9ctrico-a-at-eramet-4435278648,Ingeniero/a Eléctrico/a,,scraped,2026-07-07T00:47:09.484707,
7700ea2989791b87,https://ar.linkedin.com/jobs/view/analista-de-transporte-de-proximidad-mercado-env%C3%ADos-at-mercado-libre-4432783634,Analista de Transporte de Proximidad - Mercado Envíos,,scraped,2026-07-07T00:48:20.776281,
6b260ed8800a50a5,https://ar.linkedin.com/jobs/view/demand-planner-analyst-at-southbay-4435489331,Demand Planner Analyst,,scraped,2026-07-07T00:48:29.026227,
f25ec10d6db9c1af,https://ar.linkedin.com/jobs/view/asesor-comercial-santiago-del-estero-at-sancor-salud-grupo-de-medicina-privada-4436435668,ASESOR COMERCIAL - Santiago del Estero,,scraped,2026-07-07T00:48:35.310180,
97b35bb99de1c50f,https://ar.linkedin.com/jobs/view/junior-technical-project-manager-at-mastercard-4374886043,Junior Technical Project Manager,Mastercard,posted,2026-07-07T00:48:50.916025,150
a42571c3b3f60c0f,https://ar.linkedin.com/jobs/view/campaign-designer-at-chevron-4425371573,Campaign Designer,Chevron,posted,2026-07-07T00:49:00.988108,152
6990b4bbd044a0aa,https://ar.linkedin.com/jobs/view/promotor-a-red-minicosto-at-maxiconsumo-s-a-4436722648,Promotor/a Red Minicosto,,scraped,2026-07-07T00:49:03.628804,
3a9b48ceaa7b1acf,https://ar.linkedin.com/jobs/view/t%C3%A9cnico-electr%C3%B3nico-part-time-at-codere-4431979549,Técnico electrónico Part Time,,scraped,2026-07-07T00:50:15.097733,
d2b3960a8c23096f,https://ar.linkedin.com/jobs/view/product-owner-product-growth-at-despegar-4433897178,Product Owner - Product Growth,Despegar,posted,2026-07-07T00:50:32.784324,154
974247b19e3c5776,https://ar.linkedin.com/jobs/view/tech-lead-sanity-cms-remote-latin-america-at-fullstack-4427104669,Tech Lead (Sanity CMS) - Remote - Latin America,FullStack,posted,2026-07-07T00:50:43.208079,156
bba8278f7a5441c3,https://ar.linkedin.com/jobs/view/employee-relations-counselor-latin-america-at-chevron-4425731684,"Employee Relations Counselor, Latin America",Chevron,posted,2026-07-07T00:50:52.615284,158
646053ab20ad03d5,https://ar.linkedin.com/jobs/view/servicenow-integration-developer-at-chevron-4432765998,ServiceNow Integration Developer,Chevron,posted,2026-07-07T00:51:02.181057,160
5d933c1fad32cf57,https://ar.linkedin.com/jobs/view/%E5%93%81%E8%A8%BC%E9%83%A8%E3%83%AA%E3%83%BC%E3%83%80%E3%83%BC%0A%E5%8B%9F%E9%9B%86%E8%A6%81%E9%A0%85-at-%E3%82%A4%E3%83%BC%E3%83%A0%E3%82%BA%E3%83%AD%E3%83%9C%E3%83%86%E3%82%A3%E3%82%AF%E3%82%B9%EF%BC%88%E6%A0%AA%EF%BC%89-4435546062,"品証部リーダー
募集要項",イームズロボティクス（株）,failed|wp_post_failed,2026-07-07T00:51:06.576011,
3d7fea76070f2636,https://ar.linkedin.com/jobs/view/tech-lead-sanity-cms-remote-latin-america-at-fullstack-4427109589,Tech Lead (Sanity CMS) - Remote - Latin America,FullStack,posted,2026-07-07T00:51:11.333388,156
08bb5aefe2bb199a,https://ar.linkedin.com/jobs/view/servicenow-integration-developer-at-chevron-4433191168,ServiceNow Integration Developer,Chevron,scraped,2026-07-07T00:51:15.696279,
282110e34afc91ce,https://ar.linkedin.com/jobs/view/dba-especialista-en-postgresql-at-accenture-argentina-4414085167,DBA Especialista en PostgreSQL,Accenture Argentina,posted,2026-07-07T00:51:26.177600,162
df194e60f5dbb715,https://ar.linkedin.com/jobs/view/iam-engineer-at-chevron-4432787261,IAM Engineer,Chevron,posted,2026-07-07T00:51:35.110220,164
f0589285c386cf07,https://ar.linkedin.com/jobs/view/pc3-lac-escalation-exception-lac-at-accenture-argentina-4435262818,PC3 LAC _Escalation & Exception LAC,Accenture Argentina,posted,2026-07-07T00:52:50.928436,166
6afe339f1b295aa7,https://ar.linkedin.com/jobs/view/asesor-a-comercial-remoto-at-ms-llp-4435469795,Asesor/a comercial remoto,MS LLP,posted,2026-07-07T00:52:59.835148,168
a964b57f8623acf5,https://ar.linkedin.com/jobs/view/vendedor-work-from-home-at-kodland-latinoam%C3%A9rica-4433971510,Vendedor - Work from home,Kodland Latinoamérica,posted,2026-07-07T00:53:07.506392,170
4c370a10077b93b6,https://ar.linkedin.com/jobs/view/analista-back-office-barracas-at-sgs-4431969397,Analista Back Office.-BARRACAS,,scraped,2026-07-07T00:53:10.142257,
b5cb1ee304aad33c,https://ar.linkedin.com/jobs/view/commerce-assistant-at-publicis-groupe-argentina-4436228047,Commerce Assistant,,scraped,2026-07-07T00:53:16.980861,
b8ab05b6eb022073,https://ar.linkedin.com/jobs/view/junior-event-coordinator-op02177-at-dev-pro-4431904152,Junior Event Coordinator - OP02177,Dev.Pro,posted,2026-07-07T00:53:30.581587,172
d2fa1b2b5c135ec9,https://ar.linkedin.com/jobs/view/analista-funcional-ti-at-fecovita-4431971909,Analista Funcional TI,,scraped,2026-07-07T00:53:33.192249,
459f4191a42641ff,https://ar.linkedin.com/jobs/view/country-growth-manager-south-cone-at-ebanx-4437477414,Country Growth Manager - South Cone,,scraped,2026-07-07T00:53:40.872887,
597e083eefb74226,https://ar.linkedin.com/jobs/view/sr-designer-brand-editorial-100%25-remote-at-big-partners-4431558537,Sr. DESIGNER - Brand & Editorial (100% remote),Big Partners,posted,2026-07-07T00:53:52.716827,174
ce5dd077137e87a4,https://ar.linkedin.com/jobs/view/agente-comercial-real-estate-at-grupo-faro-verde-4436785013,Agente Comercial - Real Estate,,scraped,2026-07-07T00:53:55.291631,
73a29da5be280739,https://ar.linkedin.com/jobs/view/fluent-english-product-support-consultant-latam-at-supportyourapp-4437155815,(fluent English) Product Support Consultant (LATAM),SupportYourApp,posted,2026-07-07T00:54:04.366572,132
abe766193c58b250,https://ar.linkedin.com/jobs/view/devops-manager-at-distillery-4436794154,DevOps Manager,Distillery,posted,2026-07-07T00:54:12.065000,176
1728bb80ebd54014,https://ar.linkedin.com/jobs/view/gerente-de-compras-at-vicu%C3%B1a-4432712363,Gerente de Compras,Vicuña,posted,2026-07-07T00:55:30.606993,178
d33d562990e4b959,https://ar.linkedin.com/jobs/view/network-specialist-at-tech-zone-llc-4433172401,Network Specialist,Tech Zone LLC,posted,2026-07-07T00:55:39.925172,180
dcd9d7a40b12dfed,https://ar.linkedin.com/jobs/view/anti-fraud-officer-remote-argentina-at-cybertexex-4435473781,"Anti-Fraud Officer (remote, Argentina)",Cybertexex,posted,2026-07-07T00:55:48.830838,182
79ac3b3eef5a658a,https://ar.linkedin.com/jobs/view/product-specialist-renta-fija-y-derivados-at-byma-bolsas-y-mercados-argentinos-s-a-4436738680,Product Specialist (renta fija y derivados),,scraped,2026-07-07T00:55:51.441510,
2c2c37715aa821e1,https://ar.linkedin.com/jobs/view/coordinador-de-mantenimiento-zonal-at-talentos-afa-4436901365,COORDINADOR DE MANTENIMIENTO ZONAL,Talentos - AFA,posted,2026-07-07T00:56:05.291375,184
8e4e5863251ce799,https://ar.linkedin.com/jobs/view/sr-product-manager-at-homie-rent-4432730342,Sr. Product Manager,,scraped,2026-07-07T00:56:07.899808,
428b6a964aa66fe7,https://ar.linkedin.com/jobs/view/adoption-strategist-latam-at-elevenlabs-4436437844,Adoption Strategist - LATAM,,scraped,2026-07-07T00:56:15.031332,
e3942a95936ba1e7,https://ar.linkedin.com/jobs/view/product-owner-at-asociaci%C3%B3n-de-cooperativas-argentinas-c-l-4436779403,Product Owner,,scraped,2026-07-07T00:56:21.800329,
cf9baf86ee5b8881,https://ar.linkedin.com/jobs/view/senior-presales-solutions-consultant-at-sovos-latinoam%C3%A9rica-4436938682,Senior Presales Solutions Consultant,,scraped,2026-07-07T00:56:29.658006,
2f172cf7f4dbe74d,https://ar.linkedin.com/jobs/view/kinesi%C3%B3logos-as-gral-belgrano-bs-as-at-grupo-medihome-4431951676,Kinesiólogos /as - Gral. Belgrano (Bs.As),,scraped,2026-07-07T00:57:39.435575,
1544e9e3910aebfd,https://ar.linkedin.com/jobs/view/operational-fraud-analyst-at-pedidosya-4434341006,Operational Fraud Analyst,,scraped,2026-07-07T00:57:48.833219,
a384b88250798534,https://ar.linkedin.com/jobs/view/jefe-de-excursiones-mendoza-at-awasi-4431972848,Jefe de Excursiones Mendoza,,scraped,2026-07-07T00:57:55.367990,
8fcfee36cf8e98f1,https://ar.linkedin.com/jobs/view/administrativo-jr-at-pullmen-rrhh-4436358860,Administrativo Jr,,scraped,2026-07-07T00:58:01.607579,
867b465ae27a848a,https://ar.linkedin.com/jobs/view/banco-de-talentos-regi%C3%B3n-buenos-aires-gba-norte-y-oeste-at-scania-argentina-4377495707,Banco de Talentos - Región Buenos Aires (GBA norte y oeste),,scraped,2026-07-07T00:59:12.043165,
2000c374745fcd47,https://ar.linkedin.com/jobs/view/ey-consultor-a-junior-para-proyectos-de-transformaci%C3%B3n-organizacional-y-de-talento-at-ey-4435291217,EY - Consultor/a Junior para proyectos de transformación organizacional y de talento,EY,posted,2026-07-07T01:00:31.557294,186
4cb86d029a6e43f4,https://ar.linkedin.com/jobs/view/sr-product-manager-at-pedidosya-4417376102,Sr Product Manager,,scraped,2026-07-07T01:00:34.243111,
112e1d05637e388f,https://ar.linkedin.com/jobs/view/operario-de-planta-expedici%C3%B3n-at-ivess-el-jumillano-4434919038,Operario  de planta Expedición,IVESS El Jumillano,posted,2026-07-07T01:00:48.771206,188
971bd2131c1eafc6,https://ar.linkedin.com/jobs/view/analista-de-documentaci%C3%B3n-cmc-at-adium-argentina-4436344507,Analista de Documentación CMC,Adium Argentina,posted,2026-07-07T01:00:57.557987,190
e94631fa4adb069e,https://ar.linkedin.com/jobs/view/supervisor-a-de-producci%C3%B3n-at-mbrf-4433969330,Supervisor/ A de Producción,MBRF,posted,2026-07-07T01:01:09.577829,192
0d3516ad79cd5e70,https://ar.linkedin.com/jobs/view/asesor-t%C3%A9cnico-comercial-ing-agr%C3%B3nomo-at-grupo-agroempresa-4435801150,Asesor Técnico Comercial (Ing. Agrónomo),,scraped,2026-07-07T01:01:12.068904,
e8f234766720ee33,https://ar.linkedin.com/jobs/view/operario-de-produccion-rubro-automotriz-zona-zarate-at-atlanta-builders-4436906813,operario de produccion rubro automotriz zona Zarate,Atlanta Builders,posted,2026-07-07T01:01:39.491814,194
c8eb0868e72047cd,https://ar.linkedin.com/jobs/view/lider-de-ventas-y-canales-comerciales-at-sci-comunidad-4433713578,lider de ventas y canales comerciales,,scraped,2026-07-07T01:01:42.144872,
b2c25fc878b740d1,https://ar.linkedin.com/jobs/view/front-end-engineer-at-inair-4434954699,Front-End Engineer,,scraped,2026-07-07T01:01:49.726473,
20be1d1ec946dab8,https://ar.linkedin.com/jobs/view/social-media-content-creator-short-form-video-us-brands-remote-3627104-at-pave-talent-4435256675,"Social Media Content Creator, Short-Form Video (US Brands, Remote) | 3627104",,scraped,2026-07-07T01:01:56.930712,
8cbda8d0662ab7af,https://ar.linkedin.com/jobs/view/telemarketer-at-litoral-movil-4436936966,Telemarketer,,scraped,2026-07-07T01:02:03.874010,
4c90e4cd8db0bdef,https://ar.linkedin.com/jobs/view/operario-de-aceitera-at-as-recursos-humanos-4433976428,Operario de Aceitera,,scraped,2026-07-07T01:02:11.018415,
bb1290cdc0106281,https://ar.linkedin.com/jobs/view/bdm-enterprise-at-nec-argentina-4433167304,BDM enterprise,,scraped,2026-07-07T01:02:19.708513,
3b1bf3d9bca51e92,https://ar.linkedin.com/jobs/view/analista-senior-de-mejora-continua-en-log%C3%ADstica-inversa-mercado-env%C3%ADos-at-mercado-libre-4432727052,Analista Senior de Mejora Continua en Logística Inversa - Mercado Envíos,,scraped,2026-07-07T01:02:26.291318,
f0866b3941b5d8ac,https://ar.linkedin.com/jobs/view/asesor-comercial-telef%C3%B3nico-at-voicenter-s-a-4435003228,ASESOR COMERCIAL TELEFÓNICO,,scraped,2026-07-07T01:02:34.314653,
6b9971ab7cc8b8a4,https://ar.linkedin.com/jobs/view/dt-farmac%C3%A9utico-at-bardox-solutions-4432729113,DT / Farmacéutico,BARDOX Solutions,posted,2026-07-07T01:03:54.513855,196
3d92ee301790994d,https://ar.linkedin.com/jobs/view/%C2%A1coordinador-de-reservas-industria-hotelera%21-%C2%A1no-se-requiere-experiencia%21-at-solvo-global-4432713988,¡Coordinador de Reservas - Industria Hotelera! ¡No se requiere experiencia!,,scraped,2026-07-07T01:03:57.114568,
1404439985f377d4,https://ar.linkedin.com/jobs/view/veterinarios-as-at-abriendo-caminos-4433994116,Veterinarios/as,Abriendo Caminos,posted,2026-07-07T01:04:24.853992,198
0ab28b344770d193,https://ar.linkedin.com/jobs/view/analista-de-transporte-c%C3%B3rdoba-mercado-env%C3%ADos-at-mercado-libre-4433951465,Analista de Transporte - Córdoba - Mercado Envíos,,scraped,2026-07-07T01:04:27.474720,
51ae15a6517f5936,https://ar.linkedin.com/jobs/view/consultor-security-at-accenture-argentina-4436263450,Consultor Security,Accenture Argentina,posted,2026-07-07T01:06:51.307248,200
5d35cf31354ccf78,https://ar.linkedin.com/jobs/view/bartender-eventual-caba-at-sushiclub-4436441908,Bartender Eventual : Caba,,scraped,2026-07-07T01:06:53.911579,
8f5a8e95b494b6c7,https://ar.linkedin.com/jobs/view/t%C3%A9cnico-de-mantenimiento-predictivo-zona-rosario-at-skf-group-4427047342,Técnico de Mantenimiento Predictivo (Zona Rosario),,scraped,2026-07-07T01:07:01.104881,
a63d33a20acabcdc,https://ar.linkedin.com/jobs/view/study-start-up-manager-at-medpace-4331507172,Study Start Up Manager,,scraped,2026-07-07T01:07:07.694413,
0ee74941ebbac3cb,https://ar.linkedin.com/jobs/view/data-engineer-remote-at-greencode-software-4437111498,Data Engineer (Remote),,scraped,2026-07-07T01:07:14.514323,
1d2b394ca359a8f8,https://ar.linkedin.com/jobs/view/jefe-de-obra-at-grif-constructora-4433704648,Jefe de obra,,scraped,2026-07-07T01:07:21.464137,
cc62134a4592a99a,https://ar.linkedin.com/jobs/view/head-of-paid-media-remote-at-huzzle-com-4436331527,Head of Paid Media - Remote,,scraped,2026-07-07T01:07:31.421976,
0d6c024b7939bdd1,https://ar.linkedin.com/jobs/view/project-manager-ii-argentina-at-indero-formerly-innovaderm-4387474041,Project Manager II (Argentina),,scraped,2026-07-07T01:07:38.506980,
8662283cf22b0aae,https://ar.linkedin.com/jobs/view/asesor-a-comercial-automotriz-at-forest-car-concesionario-oficial-chevrolet-4433114166,Asesor/a Comercial (Automotriz),,scraped,2026-07-07T01:08:49.231680,
e62c23cdc40b8047,https://ar.linkedin.com/jobs/view/operations-manager-1385-colombia-at-bionic-talent-4435026163,Operations Manager - 1385 - Colombia,Bionic Talent,posted,2026-07-07T01:09:03.273116,202
2b7dcbec4015fe79,https://ar.linkedin.com/jobs/view/analista-de-back-office-part-time-at-conexiona-rrhh-4431993273,Analista de Back Office - Part time,,scraped,2026-07-07T01:09:05.914088,
a718159bbe9e070c,https://ar.linkedin.com/jobs/view/performance-marketer-remote-at-huzzle-com-4436198853,Performance Marketer - Remote,,scraped,2026-07-07T01:09:15.868224,
a9acda43a6beb194,https://ar.linkedin.com/jobs/view/responsable-technique-cvc-h-f-at-l-usine-nouvelle-4433798058,Responsable Technique CVC H/F,L'Usine Nouvelle,posted,2026-07-07T01:09:33.723937,204
0a1f6befce26f3e9,https://ar.linkedin.com/jobs/view/senior-content-writer-at-lundirax-4433138095,Senior Content Writer,,scraped,2026-07-07T01:09:36.380749,
b636ad49f34a6588,https://ar.linkedin.com/jobs/view/ingeniero-jr-%E2%80%93-responsable-de-gesti%C3%B3n-de-obras-de-estructuras-met%C3%A1licas-at-universia-argentina-4437480603,INGENIERO JR. – RESPONSABLE DE GESTIÓN DE OBRAS DE ESTRUCTURAS METÁLICAS,,scraped,2026-07-07T01:09:43.457391,
12738ee864b12ca4,https://ar.linkedin.com/jobs/view/banco-de-talentos-regi%C3%B3n-buenos-aires-gba-norte-y-oeste-at-scania-argentina-4377479892,Banco de Talentos - Región Buenos Aires (GBA norte y oeste),,scraped,2026-07-07T01:10:54.376839,
752e77bdc1bd5159,https://ar.linkedin.com/jobs/view/responsable-de-auditor%C3%ADa-de-sistemas-presencial-bah%C3%ADa-blanca-bs-as-permanente-at-manpowergroup-argentina-4437463633,"Responsable de Auditoría de Sistemas - (Presencial, Bahía Blanca, Bs As) - Permanente",,scraped,2026-07-07T01:11:01.228734,
92e934e75cdcc4a7,https://ar.linkedin.com/jobs/view/account-executive-at-kantar-4435261550,Account Executive,Kantar,posted,2026-07-07T01:11:21.157890,206
9018efc34b0c13f4,https://ar.linkedin.com/jobs/view/senior-precios-de-transferencia-at-russell-bedford-argentina-4432720539,SENIOR PRECIOS DE TRANSFERENCIA,Russell Bedford Argentina,posted,2026-07-07T01:12:08.302440,208
6f03ce3916e1c354,https://ar.linkedin.com/jobs/view/analista-de-administracion-de-personal-at-coto-4432766968,ANALISTA DE ADMINISTRACION DE PERSONAL,,scraped,2026-07-07T01:12:11.007395,
7703b10692c3d026,https://ar.linkedin.com/jobs/view/referente-de-carnicer%C3%ADa-turno-noche-at-grupo-tronchetto-4433962866,Referente de Carnicería - Turno Noche,,scraped,2026-07-07T01:12:17.854405,
0e62711de301515e,https://ar.linkedin.com/jobs/view/ejecutivo-a-comercial-sr-at-cruz-del-sur-4435369113,Ejecutivo/a Comercial SR,,scraped,2026-07-07T01:12:25.308346,
0bfa265cfc4fafd5,https://ar.linkedin.com/jobs/view/operador-sim-analista-de-comex-at-julio-bellone-y-asociados-4435107775,Operador SIM / Analista de Comex,Julio Bellone y Asociados,posted,2026-07-07T01:13:45.107883,210
87315f871638dae7,https://ar.linkedin.com/jobs/view/asesor-de-imagen-de-franquicias-at-grido-4436264469,Asesor de Imagen de Franquicias,,scraped,2026-07-07T01:13:47.793719,
1e54d26a6908f5ec,https://ar.linkedin.com/jobs/view/community-manager-content-creator-at-colegio-universitario-ies-4434614796,Community Manager & Content Creator,Colegio Universitario IES,posted,2026-07-07T01:14:04.825969,212
e3c0c51bbe53a6cc,https://ar.linkedin.com/jobs/view/spanish-interpreter-cordoba-argentina-at-propio-language-services-4433974505,"Spanish Interpreter - Cordoba, Argentina",,scraped,2026-07-07T01:14:07.421967,
2905a5a78f8f7af2,https://ar.linkedin.com/jobs/view/col-logistic-equipment-executive-at-pacific-international-lines-%E5%A4%AA%E5%B9%B3%E8%88%B9%E5%8A%A1-4436937614,COL - Logistic Equipment Executive,Pacific International Lines 太平船务,posted,2026-07-07T01:15:07.919096,214
7c8d99f83d98ed48,https://ar.linkedin.com/jobs/view/legal-clerk-1383-buenos-aires-argentina-at-bionic-talent-4435015364,"Legal Clerk - 1383 - Buenos Aires, Argentina",,scraped,2026-07-07T01:15:10.614882,
f53d205f4d8e23ea,https://ar.linkedin.com/jobs/view/freelance-annotator-english-ai-trainer-at-toloka-annotators-4437177964,Freelance Annotator (English) - AI Trainer,,scraped,2026-07-07T01:15:17.594013,
6a65e419eb7287a3,https://ar.linkedin.com/jobs/view/dise%C3%B1ador-a-industrial-%E2%80%93-desarrollo-de-producto-compras-y-producci%C3%B3n-at-costantini-design-4433904287,"Diseñador/a Industrial – Desarrollo de Producto, Compras y Producción",,scraped,2026-07-07T01:15:25.470165,
084130d39d39d5ac,https://ar.linkedin.com/jobs/view/content-specialist-at-mand%C3%BC-hr-4434698422,Content Specialist,,scraped,2026-07-07T01:15:32.551422,
2025da44e8226740,https://ar.linkedin.com/jobs/view/analista-de-marketing-at-prosegur-4433940766,Analista de marketing,,scraped,2026-07-07T01:16:43.194537,
8654884cd093aa0c,https://ar.linkedin.com/jobs/view/senior-accountant-at-vintti-4435230029,Senior Accountant,,scraped,2026-07-07T01:16:50.144499,
ce5acc59f90c0d67,https://ar.linkedin.com/jobs/view/pasante-de-originaci%C3%B3n-trigo-candeal-molinos-at-inspired-way-4435290591,Pasante de Originación Trigo Candeal - Molinos,,scraped,2026-07-07T01:18:06.873919,
2eb2eddfe101b40f,https://ar.linkedin.com/jobs/view/encargado-de-campo-agr%C3%ADcola-ganadero-at-randstad-argentina-4432778997,Encargado de Campo Agrícola Ganadero,,scraped,2026-07-07T01:18:14.170963,
f39462549a9fbc13,https://ar.linkedin.com/jobs/view/senior-video-editor-at-nooro-4435487431,Senior Video Editor,,scraped,2026-07-07T01:18:20.872624,
f4a5b383632b8075,https://ar.linkedin.com/jobs/view/analista-trade-marketing-at-cervecer%C3%ADa-y-malter%C3%ADa-quilmes-4427667227,Analista Trade Marketing,,scraped,2026-07-07T01:20:12.068463,
1a4153523526bd88,https://ar.linkedin.com/jobs/view/assistant-store-manager-at-arch-latam-4436784172,Assistant Store Manager,,scraped,2026-07-07T01:20:19.351094,
f19d61a80cdb307a,https://ar.linkedin.com/jobs/view/vendedor-ra-de-aberturas-de-pvc-en-obras-neuquen-at-eco-windows-4436764846,Vendedor/Ra De Aberturas De Pvc En Obras Neuquen,,scraped,2026-07-07T01:20:26.827234,
24cb8700148f8bd0,https://ar.linkedin.com/jobs/view/medico-clinico-at-instituto-de-investigaciones-clinicas-bahia-blanca-4432795751,Medico Clinico,Instituto de Investigaciones Clinicas Bahia Blanca,posted,2026-07-07T01:21:45.560522,216
25ba2ad4205f0d59,https://ar.linkedin.com/jobs/view/supervisor-de-hse-at-h-p-4426180528,Supervisor de HSE,,scraped,2026-07-07T01:21:48.163288,
7a48851045073e6f,https://ar.linkedin.com/jobs/view/mapeo-de-talento-el-futuro-de-la-infraestructura-fluvial-y-portuaria-busca-l%C3%ADderes-%C2%BFte-apasionan-los-desaf%C3%ADos-de-infraestructura-a-gran-escala%3F-at-randstad-argentina-4433949777,Mapeo de Talento: El futuro de la Infraestructura Fluvial y Portuaria busca líderes - ¿Te apasionan los desafíos de infraestructura a gran escala?,,scraped,2026-07-07T01:23:22.946528,
71a03ea84e0fa38d,https://ar.linkedin.com/jobs/view/t%C3%A9cnico-a-instalador-la-plata-at-personal-4436407304,Técnico/a Instalador - La Plata,Personal,posted,2026-07-07T01:23:41.697827,218
db90743ec3a68ccb,https://ar.linkedin.com/jobs/view/data-engineer-remote-at-hire-feed-4437178662,Data Engineer (Remote),,scraped,2026-07-07T01:23:44.381559,
9f0c36121914f385,https://ar.linkedin.com/jobs/view/cybersecurity-engineer-remote-at-hire-feed-4437194348,Cybersecurity Engineer (Remote),,scraped,2026-07-07T01:23:55.428912,
4b4bd30d926c4512,https://ar.linkedin.com/jobs/view/agentic-product-designer-remote-latin-america-at-fullstack-4417327768,Agentic Product Designer - Remote - Latin America,,scraped,2026-07-07T01:24:08.563902,
dfe2d3fbfdb75699,https://ar.linkedin.com/jobs/view/entry-level-software-developer-remote-at-hire-feed-4437187425,Entry Level Software Developer (Remote),,scraped,2026-07-07T01:24:39.778974,
9ed2da51de8485bf,https://ar.linkedin.com/jobs/view/entry-level-software-developer-remote-at-hire-feed-4437192320,Entry Level Software Developer (Remote),,scraped,2026-07-07T01:24:58.142147,
e7f90c357745a717,https://ar.linkedin.com/jobs/view/entry-level-software-developer-remote-at-hire-feed-4437190375,Entry Level Software Developer (Remote),,scraped,2026-07-07T01:25:12.471207,
9a290e746dc7c5c3,https://ar.linkedin.com/jobs/view/mid-level-cms-engineer-sanity-remote-latin-america-at-fullstack-4434630618,Mid-Level CMS Engineer (Sanity) - Remote - Latin America,,scraped,2026-07-07T01:25:19.642006,
f884e3634ad34729,https://ar.linkedin.com/jobs/view/back-end-java-developer-remote-at-hire-feed-4437189137,Back-End Java Developer (Remote),,scraped,2026-07-07T01:25:26.941937,
12ca64421802c80c,https://ar.linkedin.com/jobs/view/eo-staff-x-ey-global-delivery-services-at-ey-4385622783,EO Staff X - EY Global Delivery Services,EY,posted,2026-07-07T01:25:42.783036,220
711310e2de487087,https://ar.linkedin.com/jobs/view/aws-cloud-engineer-remote-at-hire-feed-4437175940,AWS Cloud Engineer (Remote),,scraped,2026-07-07T01:25:45.405024,
9baf003eb168b0ca,https://ar.linkedin.com/jobs/view/analista-contable-at-edesur-4423053836,Analista Contable,,scraped,2026-07-07T01:25:52.259898,
3ed6dde58b422dfb,https://ar.linkedin.com/jobs/view/technology-consultant-relocate-to-saudi-arabia-permanent-expat-relocation-at-aramco-4435593018,"Technology Consultant-Relocate to Saudi Arabia, Permanent Expat Relocation",aramco,posted,2026-07-07T01:26:44.568041,222
97070f7d85de944b,https://ar.linkedin.com/jobs/view/asesor-comercial-de-venta-directa-at-montironi-4436148326,Asesor comercial de venta directa,,scraped,2026-07-07T01:26:47.076057,
3ad30ad954500edb,https://ar.linkedin.com/jobs/view/architecture-design-qa-lead-remote-at-yo-it-consulting-4435010747,Architecture & Design QA Lead - Remote,,scraped,2026-07-07T01:26:54.307830,
a0202e4e86dad233,https://ar.linkedin.com/jobs/view/data-analyst-at-max-capital-4434654346,Data Analyst,Max Capital,posted,2026-07-07T01:27:10.720238,224
7b6c8b5bae621eb3,https://ar.linkedin.com/jobs/view/talent-acquisition-employer-branding-analyst-at-danone-4437483616,Talent Acquisition & Employer Branding Analyst,,scraped,2026-07-07T01:27:13.362320,
e270b46d1e85eb83,https://ar.linkedin.com/jobs/view/motion-designer-at-profound-4436404629,Motion Designer,,scraped,2026-07-07T01:27:19.963160,
3474b4d9cbbf08fb,https://ar.linkedin.com/jobs/view/contract-manager-at-sdi-international-4437197610,Contract Manager,SDI International,posted,2026-07-07T01:29:03.502379,226
88cfcd2be6841ca7,https://ar.linkedin.com/jobs/view/employer-branding-internal-communication-analyst-at-sandvik-4432795303,Employer Branding & Internal Communication Analyst,,scraped,2026-07-07T01:29:06.156761,
350cac4c3ba8f97c,https://ar.linkedin.com/jobs/view/analista-de-tesorer%C3%ADa-at-tp-4433981002,Analista de tesorería,,scraped,2026-07-07T01:29:13.605883,
7ca836aa92ba1c77,https://ar.linkedin.com/jobs/view/virtual-assistant-at-cs-outsource-4436012110,Virtual Assistant,,scraped,2026-07-07T01:30:24.654541,
58519f6200449153,https://ar.linkedin.com/jobs/view/case-operations-coordinator-at-political-asylum-lawyers-4435320050,Case Operations Coordinator,,scraped,2026-07-07T01:30:56.155054,
d768925fe79eddfa,https://ar.linkedin.com/jobs/view/cajero-a-%E2%80%93-resistencia-chaco-argentina-at-western-union-4435253227,"Cajero/a – Resistencia, Chaco, Argentina",,scraped,2026-07-07T01:31:46.010668,
3d4356aa8432185f,https://ar.linkedin.com/jobs/view/pasante-de-sustentabilidad-data-analytics-at-carrefour-argentina-4436399978,Pasante de Sustentabilidad & Data Analytics,,scraped,2026-07-07T01:31:53.739001,
ce0dad7f3f250cef,https://ar.linkedin.com/jobs/view/analista-sr-de-importaciones-a%C3%A9reas-freight-forwarding-at-dhl-global-forwarding-4434959821,Analista Sr de Importaciones Aéreas (Freight Forwarding),DHL Global Forwarding,posted,2026-07-07T01:32:45.600444,228
45bc84227cd77dda,https://ar.linkedin.com/jobs/view/senior-project-manager-at-svitla-systems-inc-4432370367,Senior Project Manager,,scraped,2026-07-07T01:32:48.270467,
edf4b85af3cd414c,https://ar.linkedin.com/jobs/view/telemarketer-closer-de-ventas-%E2%80%93-con-exp-en-rubro-veterinario-o-farmacia-%E2%80%93-la-plata-at-recursos-en-mente-4436770534,Telemarketer / Closer De Ventas – Con Exp En Rubro Veterinario O Farmacia – La Plata,,scraped,2026-07-07T01:33:15.701445,
6f9ca106e7d53807,https://ar.linkedin.com/jobs/view/general-manager-portfolio-company-at-kirin-4436977087,General Manager - Portfolio Company,,scraped,2026-07-07T01:33:23.042463,
8221a64744d2e267,https://ar.linkedin.com/jobs/view/l%C3%ADder-t%C3%A9cnico-it-at-banco-macro-4426976595,Líder Técnico IT,,scraped,2026-07-07T01:33:29.716549,
9c70204f1b93d710,https://ar.linkedin.com/jobs/view/responsable-t%C3%A9cnico-de-ventas-y-marketing-noa-at-rizobacter-4431967366,Responsable Técnico de Ventas y Marketing - NOA,,scraped,2026-07-07T01:34:41.227737,
a023c5d39835171f,https://ar.linkedin.com/jobs/view/ejecutivo-a-comercial-sr-at-cruz-del-sur-4436905868,Ejecutivo/a Comercial SR,,scraped,2026-07-07T01:34:49.136232,
0e9e6e55f2c44dda,https://ar.linkedin.com/jobs/view/hr-business-partner-at-gensler-4430731337,HR Business Partner,,scraped,2026-07-07T01:34:56.645332,
f2815df52e8e23a1,https://ar.linkedin.com/jobs/view/operations-manager-at-jpmorganchase-4409160921,Operations Manager,,scraped,2026-07-07T01:35:04.588654,
ee0638410b06b396,https://ar.linkedin.com/jobs/view/planning-manager-la-south-central-america-the-caribbean-at-ecolab-4436427149,"Planning Manager - LA South, Central America & the Caribbean",,scraped,2026-07-07T01:35:15.967992,
33385c01cdecc150,https://ar.linkedin.com/jobs/view/jefe-sector-gesti%C3%B3n-calidad-at-grupo-arcor-4436101647,Jefe Sector Gestión Calidad,,scraped,2026-07-07T01:35:23.116343,
bd57bbf8e89b9c6a,https://ar.linkedin.com/jobs/view/account-executive-sales-closer-at-chili-4436130513,Account Executive - Sales Closer,,scraped,2026-07-07T01:35:29.968427,
3c87cc82136cd64b,https://ar.linkedin.com/jobs/view/analista-funcional-at-softtek-4435842456,Analista Funcional,,scraped,2026-07-07T01:35:36.931387,
ac78ff895a5dfa27,https://ar.linkedin.com/jobs/view/analista-de-planificaci%C3%B3n-y-fiscalizaci%C3%B3n-it-at-municipalidad-de-vicente-lopez-4433967697,Analista de Planificación y Fiscalización IT,,scraped,2026-07-07T01:35:43.791571,
38b74a643ee7428f,https://ar.linkedin.com/jobs/view/portfolio-manager-freelance-ai-trainer-at-mindrift-4432347725,Portfolio Manager - Freelance AI Trainer,,scraped,2026-07-07T01:35:51.833348,
5811dbadf5b151e9,https://ar.linkedin.com/jobs/view/representante-comercial-en-neuromodulaci%C3%B3n-ing-bio-at-gs-bio-implantes-quir%C3%BArgicos-s-a-4434913573,Representante Comercial en Neuromodulación / ING. BIO.,,scraped,2026-07-07T01:35:59.365168,
378864f87e747eb1,https://ar.linkedin.com/jobs/view/podcast-production-and-social-media-assistant-at-emma-of-torre-ai-4437199033,Podcast Production and Social Media Assistant,,scraped,2026-07-07T01:36:16.716470,
17daafcc1d8dc865,https://ar.linkedin.com/jobs/view/entrepreneurship-instructor-ai-training-at-alignerr-4434918601,Entrepreneurship Instructor (AI Training),,scraped,2026-07-07T01:36:24.224563,
8a50dc4ab294dfa7,https://ar.linkedin.com/jobs/view/guest-services-manager-arg-at-royal-caribbean-group-4434394943,Guest Services Manager - ARG,,scraped,2026-07-07T01:36:31.159137,
fa9b95c346c2fd8d,https://ar.linkedin.com/jobs/view/sales-associate-at-torrid-4287700130,Sales Associate,,scraped,2026-07-07T01:36:48.275732,
7bd1567a2e87c14c,https://ar.linkedin.com/jobs/view/supervisor-de-producci%C3%B3n-at-knight-therapeutics-argentina-4436253065,Supervisor de producción,,scraped,2026-07-07T01:36:55.106403,
3a58ab5373fdd581,https://ar.linkedin.com/jobs/view/analista-funcional-ledevit-at-inspired-way-4435298412,Analista Funcional - Ledevit,,scraped,2026-07-07T01:37:02.394519,
0e3f9746616519f6,https://ar.linkedin.com/jobs/view/finance-business-management-financial-planning-analysis-latin-america-canada-analyst-at-jpmorganchase-4434238164,Finance & Business Management - Financial Planning & Analysis - Latin America & Canada - Analyst,,scraped,2026-07-07T01:37:09.457996,
05ed5aa30966b9b3,https://ar.linkedin.com/jobs/view/setter-digital-captador-de-clientes-b2b-at-emax-energ%C3%ADa-4433927082,Setter Digital / Captador de Clientes B2B,Emax Energía,posted,2026-07-07T01:37:30.594039,230
0b712a7af35f6eea,https://ar.linkedin.com/jobs/view/case-operations-coordinator-at-political-asylum-lawyers-4435309812,Case Operations Coordinator,,scraped,2026-07-07T01:37:33.481044,
78999333c4788a4c,https://ar.linkedin.com/jobs/view/analyst-finance-dtc-at-the-walt-disney-company-4435575356,"Analyst, Finance DTC",,scraped,2026-07-07T01:38:12.537220,
2a3647e666434358,https://ar.linkedin.com/jobs/view/senior-account-executive-at-altscore-4437474309,Senior Account Executive,,scraped,2026-07-07T01:38:52.636380,
e600f7abb404756f,https://ar.linkedin.com/jobs/view/quality-and-customer-experience-specialist-at-byd-argentina-4434667937,Quality and Customer Experience Specialist,BYD Argentina,posted,2026-07-07T01:40:00.320236,232
a3e9e101019f58fb,https://ar.linkedin.com/jobs/view/asociado-administrativo-nivel-ii-administraci%C3%B3n-general-at-cummins-latin-america-4434374284,Asociado administrativo - Nivel II - Administración general,,scraped,2026-07-07T01:40:03.178997,
71ac7119f4c716d1,https://ar.linkedin.com/jobs/view/manager-customer-success-at-mastercard-4406711148,Manager Customer Success,,scraped,2026-07-07T01:40:10.164144,
e2165670ab107465,https://ar.linkedin.com/jobs/view/gerente-superior-de-ventas-at-ghidinirodil-4432714296,Gerente superior de ventas,,scraped,2026-07-07T01:41:14.294329,
b0dab4496e4f08f0,https://ar.linkedin.com/jobs/view/bartender-at-pan-plano-4434974613,Bartender,,scraped,2026-07-07T01:41:20.963446,
e17deb6f0069ed96,https://ar.linkedin.com/jobs/view/supervisor-de-contrataci%C3%B3n-de-flota-at-empresa-confidencial-4433116390,Supervisor de Contratación de Flota,Empresa Confidencial,posted,2026-07-07T01:41:36.242901,234
d697ec4c616613f4,https://ar.linkedin.com/jobs/view/ejecutivo-a-comercial-b2b-servicios-de-rrhh-amba-at-grupo-gesti%C3%B3n-4431936368,Ejecutivo/a Comercial B2B | Servicios de RRHH | AMBA,,scraped,2026-07-07T01:41:38.929352,
a9d83d6673c1509d,https://ar.linkedin.com/jobs/view/maestro-mec%C3%A1nico-at-h-p-4415949986,Maestro Mecánico,,scraped,2026-07-07T01:41:46.187171,
a052f1c3e39c7dd6,https://ar.linkedin.com/jobs/view/tender-quotation-specialist-at-hitachi-energy-4427916218,Tender/Quotation Specialist,,scraped,2026-07-07T01:42:05.031780,
620879ea36425b43,https://ar.linkedin.com/jobs/view/sales-leader-neuqu%C3%A9n-at-danone-4432814772,Sales Leader - Neuquén,,scraped,2026-07-07T01:42:11.638948,
dd6186123be2bdbd,https://ar.linkedin.com/jobs/view/kinesi%C3%B3logo-a-para-unidad-soma-atm-bruxismo-postura-y-respiraci%C3%B3n-at-cl%C3%ADnicas-lasercenter-4433700781,"Kinesiólogo/a para unidad SOMA: ATM, bruxismo, postura y respiración",Clínicas LaserCenter,posted,2026-07-07T01:42:40.865372,236
aea56ef2191ca99c,https://ar.linkedin.com/jobs/view/field-sales-engineer-argentina-at-axis-communications-4414703931,"Field Sales Engineer, Argentina",,scraped,2026-07-07T01:42:43.804587,
0017614734a66bf3,https://ar.linkedin.com/jobs/view/network-engineer-at-tech-zone-llc-4432357265,Network Engineer,Tech Zone LLC,posted,2026-07-07T01:42:56.933739,238
7a672d0ca7f230b3,https://ar.linkedin.com/jobs/view/cna-del-rosa-vlla-at-pikes-peak-post-acute-4435368140,CNA - Del Rosa Vlla,,scraped,2026-07-07T01:42:59.530841,
fd702cd738bbcc28,https://ar.linkedin.com/jobs/view/estudiante-investigador-de-doctorado-at-instituto-de-investigaci%C3%B3n-y-desarrollo-en-ingenier%C3%ADa-de-procesos-y-qu%C3%ADmica-aplicada-4431954976,Estudiante investigador de doctorado,,scraped,2026-07-07T01:43:24.556070,
1a94dfc460da89dc,https://ar.linkedin.com/jobs/view/comercial-de-acopio-at-cofco-international-4436267287,Comercial de Acopio,COFCO International,posted,2026-07-07T01:43:46.915967,240
e9b3833088e637ec,https://ar.linkedin.com/jobs/view/product-marketing-manager-at-singular-4437401406,Product Marketing Manager,Singular,posted,2026-07-07T01:43:55.276167,242
e300a370bc4f74ef,https://ar.linkedin.com/jobs/view/tester-qa-manual-at-paradigma-4433705905,Tester QA Manual,,scraped,2026-07-07T01:43:58.123015,
f3a1346cc522c6ff,https://ar.linkedin.com/jobs/view/compliance-analyst-freelance-ai-trainer-at-mindrift-4432338961,Compliance Analyst - Freelance AI Trainer,,scraped,2026-07-07T01:44:06.719617,
2dc54310c3492295,https://ar.linkedin.com/jobs/view/analista-de-inversiones-montevideo-uruguay-at-swb-agente-de-valores-4436087730,"Analista de Inversiones - Montevideo, Uruguay",,scraped,2026-07-07T01:44:29.628921,
5a3bcb93d910c786,https://ar.linkedin.com/jobs/view/customer-success-manager-enterprise-at-altscore-4437476149,Customer Success Manager (Enterprise),,scraped,2026-07-07T01:44:35.935595,
6775ef247433d692,https://ar.linkedin.com/jobs/view/comprador-at-lihu%C3%A9-ingenier%C3%ADa-s-a-4436360666,Comprador,Lihué Ingeniería S.A.,posted,2026-07-07T01:45:30.768263,244
4d633eb2e3e1e135,https://ar.linkedin.com/jobs/view/growth-operator-%E2%80%94-homeowner-acquisition-remote-argentina-at-stayd-collective-4435293777,"Growth Operator — Homeowner Acquisition (Remote, Argentina)",Stayd Collective,posted,2026-07-07T01:45:59.693772,246
3eb70f1b24a45bd3,https://ar.linkedin.com/jobs/view/inspector-senior-piping-ductos-at-clusterciar-4433707507,Inspector Senior Piping (Ductos),,scraped,2026-07-07T01:46:02.212796,
1880de9418ae169f,https://ar.linkedin.com/jobs/view/staff-accountant-us-company-remote-at-mavi-4418167318,Staff Accountant - US Company - Remote,,scraped,2026-07-07T01:46:10.990015,
8775137f2959ec49,https://ar.linkedin.com/jobs/view/limpiador-a-de-coches-coru%C3%B1a-at-rogom%C3%B3vil-4437134293,LIMPIADOR/A DE COCHES CORUÑA,,scraped,2026-07-07T01:46:18.343658,
2bb77b68c27ed78a,https://ar.linkedin.com/jobs/view/asesor-a-de-ventas-telef%C3%B3nicas-at-solventa-lending-4436448554,Asesor/a de Ventas Telefónicas,Solventa Lending,posted,2026-07-07T01:46:34.030259,248
f46d1e14338d7c64,https://ar.linkedin.com/jobs/view/coordinador-de-planta-at-lumina-consultora-de-talento-4433976163,Coordinador de Planta,LUMINA   Consultora de Talento,posted,2026-07-07T01:47:22.500920,250
2c15602b02c1191b,https://ar.linkedin.com/jobs/view/dentista-general-at-consultorio-odontol%C3%B3gico-4433908247,Dentista general,Consultorio Odontológico,posted,2026-07-07T01:47:35.093566,252
36b82edf8bffff95,https://ar.linkedin.com/jobs/view/auxiliar-de-dep%C3%B3sito-e-commerce-zona-pacheco-at-brand-team-4432720543,Auxiliar de Depósito (E-commerce) - ZONA PACHECO,,scraped,2026-07-07T01:47:37.775110,
c5734911c38e1cb0,https://ar.linkedin.com/jobs/view/devops-engineer-at-sovos-latinoam%C3%A9rica-4436954120,DevOps Engineer,,scraped,2026-07-07T01:47:46.751391,
e6db61dc79bbf09d,https://ar.linkedin.com/jobs/view/in-store-payments-head-at-payway-ar-4435848485,In-Store Payments Head,Payway Ar,posted,2026-07-07T01:48:03.929906,254
7f102afec025e3a8,https://ar.linkedin.com/jobs/view/business-development-manager-insurance-at-revolut-4436207126,Business Development Manager (Insurance),,scraped,2026-07-07T01:48:06.599107,
447258bc3a06af4a,https://ar.linkedin.com/jobs/view/customer-service-at-empresa-confidencial-4433711223,Customer Service,Empresa Confidencial,posted,2026-07-07T01:48:21.673242,256
754b699c03a46d17,https://ar.linkedin.com/jobs/view/vendedor-a-viajante-at-pullmen-rrhh-4435840443,Vendedor/a Viajante,,scraped,2026-07-07T01:48:24.425960,
d781cc4899bce2da,https://ar.linkedin.com/jobs/view/comprador-a-sr-at-carrefour-argentina-4437194831,Comprador/a Sr,,scraped,2026-07-07T01:48:31.185564,
575c8f5e445121ba,https://ar.linkedin.com/jobs/view/analista-sr-de-comunicaciones-internas-at-bunge-4435886684,Analista Sr de Comunicaciones internas,Bunge,posted,2026-07-07T01:49:02.943424,258
93820b29ee399865,https://ar.linkedin.com/jobs/view/accounting-manager-at-alpha-lion-4434635755,Accounting Manager,,scraped,2026-07-07T01:49:05.748278,
a884796b6531ef53,https://ar.linkedin.com/jobs/view/dtc-video-editor-for-short-form-ad-reels-at-residence-supply-4436409531,DTC Video Editor for Short-Form Ad Reels,,scraped,2026-07-07T01:49:29.566075,
e0a4eaf7280f160e,https://ar.linkedin.com/jobs/view/ingeniero-de-datos-at-am%C3%A9rica-virtual-4435580765,Ingeniero de Datos,,scraped,2026-07-07T01:49:46.135898,
673dc57739b939be,https://ar.linkedin.com/jobs/view/ejecutivo-comercial-at-prisma-medios-de-pago-4434659415,Ejecutivo comercial,,scraped,2026-07-07T01:49:53.233278,
1c1c86fab584eb54,https://ar.linkedin.com/jobs/view/coordinador-salud-ocupacional-at-ypf-4432799389,Coordinador Salud ocupacional,,scraped,2026-07-07T01:50:02.660172,
d9574c0895de00fe,https://ar.linkedin.com/jobs/view/ejecutivo-a-de-cuentas-canal-pas-tucum%C3%A1n-at-sancor-salud-grupo-de-medicina-privada-4434901011,EJECUTIVO/A DE CUENTAS CANAL PAS - Tucumán,,scraped,2026-07-07T01:50:09.803712,
6eb7121f6d1b8f26,https://ar.linkedin.com/jobs/view/analista-senior-de-implementaci%C3%B3n-de-dise%C3%B1o-en-real-estate-mercado-env%C3%ADos-at-mercado-libre-4431930695,Analista Senior de Implementación de Diseño en Real Estate - Mercado Envíos,,scraped,2026-07-07T01:50:17.841358,
43b26a58d00f5193,https://ar.linkedin.com/jobs/view/project-manager-centro-odontol%C3%B3gico-vitus-at-sancor-salud-grupo-de-medicina-privada-4434900020,PROJECT MANAGER - Centro Odontológico VITUS,,scraped,2026-07-07T01:50:25.749557,
41eef6b7cda3d24c,https://ar.linkedin.com/jobs/view/freelance-full-stack-web-app-developer-at-mindrift-4437167115,Freelance Full-Stack Web App Developer,,scraped,2026-07-07T01:50:34.034280,
e6848f0a47d19326,https://ar.linkedin.com/jobs/view/t%C3%A9cnico-a-de-auditor%C3%ADa-interna-y-control-de-riesgos-at-world-compliance-academy-4435755876,TÉCNICO/A DE AUDITORÍA INTERNA Y CONTROL DE RIESGOS,,scraped,2026-07-07T01:51:10.184139,
1b391e0a7eb28f30,https://ar.linkedin.com/jobs/view/analista-t%C3%A9cnico-at-sgs-4431951782,Analista Técnico,,scraped,2026-07-07T01:51:17.227198,
8585b28710968b70,https://ar.linkedin.com/jobs/view/coordinador-operativo-centro-odontol%C3%B3gico-vitus-capital-federal-at-sancor-salud-grupo-de-medicina-privada-4436116911,COORDINADOR OPERATIVO - Centro Odontológico VITUS / Capital Federal,,scraped,2026-07-07T01:51:24.428111,
f423da861522e33a,https://ar.linkedin.com/jobs/view/analista-de-seguros-at-edesur-4424737954,Analista de Seguros,,scraped,2026-07-07T01:51:31.784344,
451c1d370d0f9d2c,https://ar.linkedin.com/jobs/view/comunicaci%C3%B3n-externa-semi-senior-marketing-comunicaciones-caba-at-kpmg-argentina-4437469458,Comunicación Externa | Semi Senior |  Marketing & Comunicaciones | CABA,KPMG Argentina,posted,2026-07-07T01:51:47.169015,260
1f087f6ee7592b9d,https://ar.linkedin.com/jobs/view/pasante-de-cr%C3%A9ditos-at-cnh-4427692007,Pasante de créditos,,scraped,2026-07-07T01:51:50.080740,
a4967acff5fdf6cb,https://ar.linkedin.com/jobs/view/senior-media-buyer-at-huzzle-com-4432365572,Senior Media Buyer,,scraped,2026-07-07T01:52:14.958135,
935616a9fec71041,https://ar.linkedin.com/jobs/view/electricista-at-unionpel-s-a-4433118001,Electricista,,scraped,2026-07-07T01:52:22.025056,
4de35965da8b2856,https://ar.linkedin.com/jobs/view/product-manager-ai-first-at-who-co-4435851393,Product Manager AI First,,scraped,2026-07-07T01:52:28.679782,
50e61a1fb7f3fe31,https://ar.linkedin.com/jobs/view/analista-ssr-observabilidad-operaciones-it-at-emergencias-sa-4434646652,Analista Ssr Observabilidad operaciones IT,,scraped,2026-07-07T01:52:35.388270,
cf327ea882e09f8b,https://ar.linkedin.com/jobs/view/regional-accountant-fintech-casin-loan-staff-at-casin-4433958967,Regional Accountant - Fintech (Casin Loan Staff),,scraped,2026-07-07T01:52:42.548796,
dbbd005153d0030b,https://ar.linkedin.com/jobs/view/know-your-customer-manager-at-jpmorganchase-4432341890,Know Your Customer Manager,JPMorganChase,posted,2026-07-07T01:52:57.000457,262
03cb5794defd6692,https://ar.linkedin.com/jobs/view/panadero-a-at-pandan%C3%A9s-4436136762,Panadero/a,,scraped,2026-07-07T01:52:59.661195,
e878957f99ec6408,https://ar.linkedin.com/jobs/view/analista-de-legales-sr-at-the-adecco-group-4435832741,Analista de Legales SR,,scraped,2026-07-07T01:53:06.906483,
b4d68bb181bcbed7,https://ar.linkedin.com/jobs/view/business-intelligence-engineer-at-avicado-4436193465,Business Intelligence Engineer,,scraped,2026-07-07T01:53:13.865268,
9ce9ee4e6154b5da,https://ar.linkedin.com/jobs/view/analista-funcional-at-ntt-data-europe-latam-4434619196,Analista Funcional,NTT DATA Europe & Latam,posted,2026-07-07T01:53:29.333758,264
b3471613414a5224,https://ar.linkedin.com/jobs/view/staff-therapist-physiotherapy-at-concordia-hospital-4437139821,Staff Therapist - Physiotherapy,,scraped,2026-07-07T01:53:32.120763,
9831108b398cfee2,https://ar.linkedin.com/jobs/view/account-executive-large-customer-sales-retail-at-google-4427010521,"Account Executive, Large Customer Sales, Retail",,scraped,2026-07-07T01:53:39.882802,
a3dd900a21c53ff3,https://ar.linkedin.com/jobs/view/human-resources-manager-at-beige-ai-4437477467,Human Resources Manager,,scraped,2026-07-07T01:54:00.046033,
8d70109884ee7b26,https://ar.linkedin.com/jobs/view/freelance-zoom-coordinator-remote-argentina-at-acolad-group-4436798567,Freelance Zoom Coordinator (Remote | Argentina),,scraped,2026-07-07T01:54:42.509755,
